,#agents,current step,#positives,#neutrals,#negatives,#isolates,#experts,#liars,#initial_connections,#news,#cluster distance,#comm_protocol,#conv_protocol,#steps
0,100,2,5,90,5,0,5,5,2970,1,0,CO,discussion,10000
0,100,11,6,89,5,0,5,5,2970,1,0,CO,discussion,10000
0,100,21,7,88,5,0,5,5,2970,1,0,CO,discussion,10000
0,100,31,7,88,5,0,5,5,2970,1,0,CO,discussion,10000
0,100,41,7,87,6,0,5,5,2970,1,0,CO,discussion,10000
0,100,51,7,87,6,0,5,5,2970,1,0,CO,discussion,10000
0,100,61,9,85,6,0,5,5,2970,1,0,CO,discussion,10000
0,100,71,10,84,6,0,5,5,2970,1,0,CO,discussion,10000
0,100,81,10,82,8,0,5,5,2970,1,0,CO,discussion,10000
0,100,91,10,82,8,0,5,5,2970,1,0,CO,discussion,10000
0,100,101,13,79,8,0,5,5,2970,1,0,CO,discussion,10000
0,100,111,13,79,8,0,5,5,2970,1,0,CO,discussion,10000
0,100,121,12,79,9,0,5,5,2970,1,0,CO,discussion,10000
0,100,131,16,75,9,0,5,5,2970,1,0,CO,discussion,10000
0,100,141,16,74,10,0,5,5,2970,1,0,CO,discussion,10000
0,100,151,16,72,12,0,5,5,2970,1,0,CO,discussion,10000
0,100,161,17,70,13,0,5,5,2970,1,0,CO,discussion,10000
0,100,171,18,68,14,0,5,5,2970,1,0,CO,discussion,10000
0,100,181,20,64,16,0,5,5,2970,1,0,CO,discussion,10000
0,100,191,22,63,15,0,5,5,2970,1,0,CO,discussion,10000
0,100,201,24,61,15,0,5,5,2970,1,0,CO,discussion,10000
0,100,211,24,60,16,0,5,5,2970,1,0,CO,discussion,10000
0,100,221,24,58,18,0,5,5,2970,1,0,CO,discussion,10000
0,100,231,26,56,18,0,5,5,2970,1,0,CO,discussion,10000
0,100,241,29,53,18,0,5,5,2970,1,0,CO,discussion,10000
0,100,251,31,51,18,0,5,5,2970,1,0,CO,discussion,10000
0,100,261,32,50,18,0,5,5,2970,1,0,CO,discussion,10000
0,100,271,34,47,19,0,5,5,2970,1,0,CO,discussion,10000
0,100,281,35,43,22,0,5,5,2970,1,0,CO,discussion,10000
0,100,291,37,39,24,0,5,5,2970,1,0,CO,discussion,10000
0,100,301,43,33,24,0,5,5,2970,1,0,CO,discussion,10000
0,100,311,44,32,24,0,5,5,2970,1,0,CO,discussion,10000
0,100,321,44,30,26,0,5,5,2970,1,0,CO,discussion,10000
0,100,331,46,28,26,0,5,5,2970,1,0,CO,discussion,10000
0,100,341,48,25,27,0,5,5,2970,1,0,CO,discussion,10000
0,100,351,50,22,28,0,5,5,2970,1,0,CO,discussion,10000
0,100,361,50,21,29,0,5,5,2970,1,0,CO,discussion,10000
0,100,371,50,20,30,0,5,5,2970,1,0,CO,discussion,10000
0,100,381,51,19,30,0,5,5,2970,1,0,CO,discussion,10000
0,100,391,53,18,29,0,5,5,2970,1,0,CO,discussion,10000
0,100,401,53,17,30,0,5,5,2970,1,0,CO,discussion,10000
0,100,411,55,17,28,0,5,5,2970,1,0,CO,discussion,10000
0,100,421,55,15,30,0,5,5,2970,1,0,CO,discussion,10000
0,100,431,56,13,31,0,5,5,2970,1,0,CO,discussion,10000
0,100,441,57,13,30,0,5,5,2970,1,0,CO,discussion,10000
0,100,451,57,12,31,0,5,5,2970,1,0,CO,discussion,10000
0,100,461,56,11,33,0,5,5,2970,1,0,CO,discussion,10000
0,100,471,56,11,33,0,5,5,2970,1,0,CO,discussion,10000
0,100,481,57,11,32,0,5,5,2970,1,0,CO,discussion,10000
0,100,491,58,10,32,0,5,5,2970,1,0,CO,discussion,10000
0,100,501,56,8,36,0,5,5,2970,1,0,CO,discussion,10000
0,100,511,58,7,35,0,5,5,2970,1,0,CO,discussion,10000
0,100,521,59,7,34,0,5,5,2970,1,0,CO,discussion,10000
0,100,531,59,7,34,0,5,5,2970,1,0,CO,discussion,10000
0,100,541,59,7,34,0,5,5,2970,1,0,CO,discussion,10000
0,100,551,62,5,33,0,5,5,2970,1,0,CO,discussion,10000
0,100,561,62,5,33,0,5,5,2970,1,0,CO,discussion,10000
0,100,571,64,3,33,0,5,5,2970,1,0,CO,discussion,10000
0,100,581,66,3,31,0,5,5,2970,1,0,CO,discussion,10000
0,100,591,66,3,31,0,5,5,2970,1,0,CO,discussion,10000
0,100,601,66,3,31,0,5,5,2970,1,0,CO,discussion,10000
0,100,611,65,3,32,0,5,5,2970,1,0,CO,discussion,10000
0,100,621,67,2,31,0,5,5,2970,1,0,CO,discussion,10000
0,100,631,68,2,30,0,5,5,2970,1,0,CO,discussion,10000
0,100,641,67,2,31,0,5,5,2970,1,0,CO,discussion,10000
0,100,651,66,2,32,0,5,5,2970,1,0,CO,discussion,10000
0,100,661,69,2,29,0,5,5,2970,1,0,CO,discussion,10000
0,100,671,70,2,28,0,5,5,2970,1,0,CO,discussion,10000
0,100,681,71,2,27,0,5,5,2970,1,0,CO,discussion,10000
0,100,691,73,1,26,0,5,5,2970,1,0,CO,discussion,10000
0,100,701,74,1,25,0,5,5,2970,1,0,CO,discussion,10000
0,100,711,76,1,23,0,5,5,2970,1,0,CO,discussion,10000
0,100,721,77,1,22,0,5,5,2970,1,0,CO,discussion,10000
0,100,731,77,1,22,0,5,5,2970,1,0,CO,discussion,10000
0,100,741,78,1,21,0,5,5,2970,1,0,CO,discussion,10000
0,100,751,78,1,21,0,5,5,2970,1,0,CO,discussion,10000
0,100,761,78,1,21,0,5,5,2970,1,0,CO,discussion,10000
0,100,771,78,1,21,0,5,5,2970,1,0,CO,discussion,10000
0,100,781,79,1,20,0,5,5,2970,1,0,CO,discussion,10000
0,100,791,79,1,20,0,5,5,2970,1,0,CO,discussion,10000
0,100,801,79,1,20,0,5,5,2970,1,0,CO,discussion,10000
0,100,811,79,1,20,0,5,5,2970,1,0,CO,discussion,10000
0,100,821,80,1,19,0,5,5,2970,1,0,CO,discussion,10000
0,100,831,79,1,20,0,5,5,2970,1,0,CO,discussion,10000
0,100,841,79,1,20,0,5,5,2970,1,0,CO,discussion,10000
0,100,851,79,1,20,0,5,5,2970,1,0,CO,discussion,10000
0,100,861,80,1,19,0,5,5,2970,1,0,CO,discussion,10000
0,100,871,81,1,18,0,5,5,2970,1,0,CO,discussion,10000
0,100,881,82,1,17,0,5,5,2970,1,0,CO,discussion,10000
0,100,891,84,1,15,0,5,5,2970,1,0,CO,discussion,10000
0,100,901,84,1,15,0,5,5,2970,1,0,CO,discussion,10000
0,100,911,85,1,14,0,5,5,2970,1,0,CO,discussion,10000
0,100,921,85,1,14,0,5,5,2970,1,0,CO,discussion,10000
0,100,931,87,1,12,0,5,5,2970,1,0,CO,discussion,10000
0,100,941,87,1,12,0,5,5,2970,1,0,CO,discussion,10000
0,100,951,87,1,12,0,5,5,2970,1,0,CO,discussion,10000
0,100,961,88,0,12,0,5,5,2970,1,0,CO,discussion,10000
0,100,971,87,0,13,0,5,5,2970,1,0,CO,discussion,10000
0,100,981,87,0,13,0,5,5,2970,1,0,CO,discussion,10000
0,100,991,87,0,13,0,5,5,2970,1,0,CO,discussion,10000
0,100,1001,87,0,13,0,5,5,2970,1,0,CO,discussion,10000
0,100,1011,87,0,13,0,5,5,2970,1,0,CO,discussion,10000
0,100,1021,87,0,13,0,5,5,2970,1,0,CO,discussion,10000
0,100,1031,85,0,15,0,5,5,2970,1,0,CO,discussion,10000
0,100,1041,85,0,15,0,5,5,2970,1,0,CO,discussion,10000
0,100,1051,85,0,15,0,5,5,2970,1,0,CO,discussion,10000
0,100,1061,86,0,14,0,5,5,2970,1,0,CO,discussion,10000
0,100,1071,87,0,13,0,5,5,2970,1,0,CO,discussion,10000
0,100,1081,86,0,14,0,5,5,2970,1,0,CO,discussion,10000
0,100,1091,86,0,14,0,5,5,2970,1,0,CO,discussion,10000
0,100,1101,86,0,14,0,5,5,2970,1,0,CO,discussion,10000
0,100,1111,86,0,14,0,5,5,2970,1,0,CO,discussion,10000
0,100,1121,86,0,14,0,5,5,2970,1,0,CO,discussion,10000
0,100,1131,87,0,13,0,5,5,2970,1,0,CO,discussion,10000
0,100,1141,87,0,13,0,5,5,2970,1,0,CO,discussion,10000
0,100,1151,86,0,14,0,5,5,2970,1,0,CO,discussion,10000
0,100,1161,87,0,13,0,5,5,2970,1,0,CO,discussion,10000
0,100,1171,86,0,14,0,5,5,2970,1,0,CO,discussion,10000
0,100,1181,86,0,14,0,5,5,2970,1,0,CO,discussion,10000
0,100,1191,86,0,14,0,5,5,2970,1,0,CO,discussion,10000
0,100,1201,86,0,14,0,5,5,2970,1,0,CO,discussion,10000
0,100,1211,86,0,14,0,5,5,2970,1,0,CO,discussion,10000
0,100,1221,86,0,14,0,5,5,2970,1,0,CO,discussion,10000
0,100,1231,87,0,13,0,5,5,2970,1,0,CO,discussion,10000
0,100,1241,88,0,12,0,5,5,2970,1,0,CO,discussion,10000
0,100,1251,87,0,13,0,5,5,2970,1,0,CO,discussion,10000
0,100,1261,88,0,12,0,5,5,2970,1,0,CO,discussion,10000
0,100,1271,89,0,11,0,5,5,2970,1,0,CO,discussion,10000
0,100,1281,89,0,11,0,5,5,2970,1,0,CO,discussion,10000
0,100,1291,89,0,11,0,5,5,2970,1,0,CO,discussion,10000
0,100,1301,89,0,11,0,5,5,2970,1,0,CO,discussion,10000
0,100,1311,89,0,11,0,5,5,2970,1,0,CO,discussion,10000
0,100,1321,89,0,11,0,5,5,2970,1,0,CO,discussion,10000
0,100,1331,90,0,10,0,5,5,2970,1,0,CO,discussion,10000
0,100,1341,90,0,10,0,5,5,2970,1,0,CO,discussion,10000
0,100,1351,90,0,10,0,5,5,2970,1,0,CO,discussion,10000
0,100,1361,89,0,11,0,5,5,2970,1,0,CO,discussion,10000
0,100,1371,88,0,12,0,5,5,2970,1,0,CO,discussion,10000
0,100,1381,88,0,12,0,5,5,2970,1,0,CO,discussion,10000
0,100,1391,88,0,12,0,5,5,2970,1,0,CO,discussion,10000
0,100,1401,88,0,12,0,5,5,2970,1,0,CO,discussion,10000
0,100,1411,89,0,11,0,5,5,2970,1,0,CO,discussion,10000
0,100,1421,89,0,11,0,5,5,2970,1,0,CO,discussion,10000
0,100,1431,88,0,12,0,5,5,2970,1,0,CO,discussion,10000
0,100,1441,89,0,11,0,5,5,2970,1,0,CO,discussion,10000
0,100,1451,90,0,10,0,5,5,2970,1,0,CO,discussion,10000
0,100,1461,89,0,11,0,5,5,2970,1,0,CO,discussion,10000
0,100,1471,90,0,10,0,5,5,2970,1,0,CO,discussion,10000
0,100,1481,90,0,10,0,5,5,2970,1,0,CO,discussion,10000
0,100,1491,89,0,11,0,5,5,2970,1,0,CO,discussion,10000
0,100,1501,89,0,11,0,5,5,2970,1,0,CO,discussion,10000
0,100,1511,89,0,11,0,5,5,2970,1,0,CO,discussion,10000
0,100,1521,88,0,12,0,5,5,2970,1,0,CO,discussion,10000
0,100,1531,88,0,12,0,5,5,2970,1,0,CO,discussion,10000
0,100,1541,88,0,12,0,5,5,2970,1,0,CO,discussion,10000
0,100,1551,88,0,12,0,5,5,2970,1,0,CO,discussion,10000
0,100,1561,88,0,12,0,5,5,2970,1,0,CO,discussion,10000
0,100,1571,88,0,12,0,5,5,2970,1,0,CO,discussion,10000
0,100,1581,88,0,12,0,5,5,2970,1,0,CO,discussion,10000
0,100,1591,88,0,12,0,5,5,2970,1,0,CO,discussion,10000
0,100,1601,89,0,11,0,5,5,2970,1,0,CO,discussion,10000
0,100,1611,90,0,10,0,5,5,2970,1,0,CO,discussion,10000
0,100,1621,90,0,10,0,5,5,2970,1,0,CO,discussion,10000
0,100,1631,90,0,10,0,5,5,2970,1,0,CO,discussion,10000
0,100,1641,90,0,10,0,5,5,2970,1,0,CO,discussion,10000
0,100,1651,90,0,10,0,5,5,2970,1,0,CO,discussion,10000
0,100,1661,90,0,10,0,5,5,2970,1,0,CO,discussion,10000
0,100,1671,90,0,10,0,5,5,2970,1,0,CO,discussion,10000
0,100,1681,90,0,10,0,5,5,2970,1,0,CO,discussion,10000
0,100,1691,89,0,11,0,5,5,2970,1,0,CO,discussion,10000
0,100,1701,90,0,10,0,5,5,2970,1,0,CO,discussion,10000
0,100,1711,90,0,10,0,5,5,2970,1,0,CO,discussion,10000
0,100,1721,90,0,10,0,5,5,2970,1,0,CO,discussion,10000
0,100,1731,90,0,10,0,5,5,2970,1,0,CO,discussion,10000
0,100,1741,90,0,10,0,5,5,2970,1,0,CO,discussion,10000
0,100,1751,90,0,10,0,5,5,2970,1,0,CO,discussion,10000
0,100,1761,90,0,10,0,5,5,2970,1,0,CO,discussion,10000
0,100,1771,91,0,9,0,5,5,2970,1,0,CO,discussion,10000
0,100,1781,91,0,9,0,5,5,2970,1,0,CO,discussion,10000
0,100,1791,91,0,9,0,5,5,2970,1,0,CO,discussion,10000
0,100,1801,91,0,9,0,5,5,2970,1,0,CO,discussion,10000
0,100,1811,91,0,9,0,5,5,2970,1,0,CO,discussion,10000
0,100,1821,91,0,9,0,5,5,2970,1,0,CO,discussion,10000
0,100,1831,90,0,10,0,5,5,2970,1,0,CO,discussion,10000
0,100,1841,91,0,9,0,5,5,2970,1,0,CO,discussion,10000
0,100,1851,91,0,9,0,5,5,2970,1,0,CO,discussion,10000
0,100,1861,91,0,9,0,5,5,2970,1,0,CO,discussion,10000
0,100,1871,91,0,9,0,5,5,2970,1,0,CO,discussion,10000
0,100,1881,91,0,9,0,5,5,2970,1,0,CO,discussion,10000
0,100,1891,91,0,9,0,5,5,2970,1,0,CO,discussion,10000
0,100,1901,91,0,9,0,5,5,2970,1,0,CO,discussion,10000
0,100,1911,91,0,9,0,5,5,2970,1,0,CO,discussion,10000
0,100,1921,90,0,10,0,5,5,2970,1,0,CO,discussion,10000
0,100,1931,90,0,10,0,5,5,2970,1,0,CO,discussion,10000
0,100,1941,90,0,10,0,5,5,2970,1,0,CO,discussion,10000
0,100,1951,92,0,8,0,5,5,2970,1,0,CO,discussion,10000
0,100,1961,92,0,8,0,5,5,2970,1,0,CO,discussion,10000
0,100,1971,91,0,9,0,5,5,2970,1,0,CO,discussion,10000
0,100,1981,91,0,9,0,5,5,2970,1,0,CO,discussion,10000
0,100,1991,92,0,8,0,5,5,2970,1,0,CO,discussion,10000
0,100,2001,92,0,8,0,5,5,2970,1,0,CO,discussion,10000
0,100,2011,92,0,8,0,5,5,2970,1,0,CO,discussion,10000
0,100,2021,92,0,8,0,5,5,2970,1,0,CO,discussion,10000
0,100,2031,92,0,8,0,5,5,2970,1,0,CO,discussion,10000
0,100,2041,91,0,9,0,5,5,2970,1,0,CO,discussion,10000
0,100,2051,90,0,10,0,5,5,2970,1,0,CO,discussion,10000
0,100,2061,90,0,10,0,5,5,2970,1,0,CO,discussion,10000
0,100,2071,91,0,9,0,5,5,2970,1,0,CO,discussion,10000
0,100,2081,91,0,9,0,5,5,2970,1,0,CO,discussion,10000
0,100,2091,91,0,9,0,5,5,2970,1,0,CO,discussion,10000
0,100,2101,92,0,8,0,5,5,2970,1,0,CO,discussion,10000
0,100,2111,92,0,8,0,5,5,2970,1,0,CO,discussion,10000
0,100,2121,92,0,8,0,5,5,2970,1,0,CO,discussion,10000
0,100,2131,92,0,8,0,5,5,2970,1,0,CO,discussion,10000
0,100,2141,92,0,8,0,5,5,2970,1,0,CO,discussion,10000
0,100,2151,92,0,8,0,5,5,2970,1,0,CO,discussion,10000
0,100,2161,92,0,8,0,5,5,2970,1,0,CO,discussion,10000
0,100,2171,92,0,8,0,5,5,2970,1,0,CO,discussion,10000
0,100,2181,92,0,8,0,5,5,2970,1,0,CO,discussion,10000
0,100,2191,92,0,8,0,5,5,2970,1,0,CO,discussion,10000
0,100,2201,92,0,8,0,5,5,2970,1,0,CO,discussion,10000
0,100,2211,92,0,8,0,5,5,2970,1,0,CO,discussion,10000
0,100,2221,91,0,9,0,5,5,2970,1,0,CO,discussion,10000
0,100,2231,91,0,9,0,5,5,2970,1,0,CO,discussion,10000
0,100,2241,90,0,10,0,5,5,2970,1,0,CO,discussion,10000
0,100,2251,88,0,12,0,5,5,2970,1,0,CO,discussion,10000
0,100,2261,87,0,13,0,5,5,2970,1,0,CO,discussion,10000
0,100,2271,88,0,12,0,5,5,2970,1,0,CO,discussion,10000
0,100,2281,88,0,12,0,5,5,2970,1,0,CO,discussion,10000
0,100,2291,87,0,13,0,5,5,2970,1,0,CO,discussion,10000
0,100,2301,87,0,13,0,5,5,2970,1,0,CO,discussion,10000
0,100,2311,87,0,13,0,5,5,2970,1,0,CO,discussion,10000
0,100,2321,87,0,13,0,5,5,2970,1,0,CO,discussion,10000
0,100,2331,87,0,13,0,5,5,2970,1,0,CO,discussion,10000
0,100,2341,88,0,12,0,5,5,2970,1,0,CO,discussion,10000
0,100,2351,88,0,12,0,5,5,2970,1,0,CO,discussion,10000
0,100,2361,89,0,11,0,5,5,2970,1,0,CO,discussion,10000
0,100,2371,89,0,11,0,5,5,2970,1,0,CO,discussion,10000
0,100,2381,89,0,11,0,5,5,2970,1,0,CO,discussion,10000
0,100,2391,88,0,12,0,5,5,2970,1,0,CO,discussion,10000
0,100,2401,88,0,12,0,5,5,2970,1,0,CO,discussion,10000
0,100,2411,88,0,12,0,5,5,2970,1,0,CO,discussion,10000
0,100,2421,89,0,11,0,5,5,2970,1,0,CO,discussion,10000
0,100,2431,89,0,11,0,5,5,2970,1,0,CO,discussion,10000
0,100,2441,89,0,11,0,5,5,2970,1,0,CO,discussion,10000
0,100,2451,88,0,12,0,5,5,2970,1,0,CO,discussion,10000
0,100,2461,88,0,12,0,5,5,2970,1,0,CO,discussion,10000
0,100,2471,88,0,12,0,5,5,2970,1,0,CO,discussion,10000
0,100,2481,89,0,11,0,5,5,2970,1,0,CO,discussion,10000
0,100,2491,89,0,11,0,5,5,2970,1,0,CO,discussion,10000
0,100,2501,89,0,11,0,5,5,2970,1,0,CO,discussion,10000
0,100,2511,89,0,11,0,5,5,2970,1,0,CO,discussion,10000
0,100,2521,89,0,11,0,5,5,2970,1,0,CO,discussion,10000
0,100,2531,89,0,11,0,5,5,2970,1,0,CO,discussion,10000
0,100,2541,89,0,11,0,5,5,2970,1,0,CO,discussion,10000
0,100,2551,89,0,11,0,5,5,2970,1,0,CO,discussion,10000
0,100,2561,88,0,12,0,5,5,2970,1,0,CO,discussion,10000
0,100,2571,88,0,12,0,5,5,2970,1,0,CO,discussion,10000
0,100,2581,87,0,13,0,5,5,2970,1,0,CO,discussion,10000
0,100,2591,87,0,13,0,5,5,2970,1,0,CO,discussion,10000
0,100,2601,87,0,13,0,5,5,2970,1,0,CO,discussion,10000
0,100,2611,87,0,13,0,5,5,2970,1,0,CO,discussion,10000
0,100,2621,87,0,13,0,5,5,2970,1,0,CO,discussion,10000
0,100,2631,88,0,12,0,5,5,2970,1,0,CO,discussion,10000
0,100,2641,88,0,12,0,5,5,2970,1,0,CO,discussion,10000
0,100,2651,89,0,11,0,5,5,2970,1,0,CO,discussion,10000
0,100,2661,89,0,11,0,5,5,2970,1,0,CO,discussion,10000
0,100,2671,89,0,11,0,5,5,2970,1,0,CO,discussion,10000
0,100,2681,89,0,11,0,5,5,2970,1,0,CO,discussion,10000
0,100,2691,90,0,10,0,5,5,2970,1,0,CO,discussion,10000
0,100,2701,90,0,10,0,5,5,2970,1,0,CO,discussion,10000
0,100,2711,90,0,10,0,5,5,2970,1,0,CO,discussion,10000
0,100,2721,91,0,9,0,5,5,2970,1,0,CO,discussion,10000
0,100,2731,91,0,9,0,5,5,2970,1,0,CO,discussion,10000
0,100,2741,91,0,9,0,5,5,2970,1,0,CO,discussion,10000
0,100,2751,91,0,9,0,5,5,2970,1,0,CO,discussion,10000
0,100,2761,91,0,9,0,5,5,2970,1,0,CO,discussion,10000
0,100,2771,91,0,9,0,5,5,2970,1,0,CO,discussion,10000
0,100,2781,92,0,8,0,5,5,2970,1,0,CO,discussion,10000
0,100,2791,93,0,7,0,5,5,2970,1,0,CO,discussion,10000
0,100,2801,94,0,6,0,5,5,2970,1,0,CO,discussion,10000
0,100,2811,95,0,5,0,5,5,2970,1,0,CO,discussion,10000
0,100,2821,95,0,5,0,5,5,2970,1,0,CO,discussion,10000
0,100,2831,95,0,5,0,5,5,2970,1,0,CO,discussion,10000
0,100,2841,95,0,5,0,5,5,2970,1,0,CO,discussion,10000
0,100,2851,95,0,5,0,5,5,2970,1,0,CO,discussion,10000
0,100,2861,95,0,5,0,5,5,2970,1,0,CO,discussion,10000
0,100,2871,95,0,5,0,5,5,2970,1,0,CO,discussion,10000
0,100,2881,95,0,5,0,5,5,2970,1,0,CO,discussion,10000
0,100,2891,95,0,5,0,5,5,2970,1,0,CO,discussion,10000
0,100,2901,95,0,5,0,5,5,2970,1,0,CO,discussion,10000
0,100,2911,95,0,5,0,5,5,2970,1,0,CO,discussion,10000
0,100,2921,95,0,5,0,5,5,2970,1,0,CO,discussion,10000
0,100,2931,95,0,5,0,5,5,2970,1,0,CO,discussion,10000
0,100,2941,94,0,6,0,5,5,2970,1,0,CO,discussion,10000
0,100,2951,94,0,6,0,5,5,2970,1,0,CO,discussion,10000
0,100,2961,94,0,6,0,5,5,2970,1,0,CO,discussion,10000
0,100,2971,94,0,6,0,5,5,2970,1,0,CO,discussion,10000
0,100,2981,94,0,6,0,5,5,2970,1,0,CO,discussion,10000
0,100,2991,94,0,6,0,5,5,2970,1,0,CO,discussion,10000
0,100,3001,94,0,6,0,5,5,2970,1,0,CO,discussion,10000
0,100,3011,94,0,6,0,5,5,2970,1,0,CO,discussion,10000
0,100,3021,94,0,6,0,5,5,2970,1,0,CO,discussion,10000
0,100,3031,94,0,6,0,5,5,2970,1,0,CO,discussion,10000
0,100,3041,93,0,7,0,5,5,2970,1,0,CO,discussion,10000
0,100,3051,93,0,7,0,5,5,2970,1,0,CO,discussion,10000
0,100,3061,93,0,7,0,5,5,2970,1,0,CO,discussion,10000
0,100,3071,93,0,7,0,5,5,2970,1,0,CO,discussion,10000
0,100,3081,93,0,7,0,5,5,2970,1,0,CO,discussion,10000
0,100,3091,92,0,8,0,5,5,2970,1,0,CO,discussion,10000
0,100,3101,92,0,8,0,5,5,2970,1,0,CO,discussion,10000
0,100,3111,93,0,7,0,5,5,2970,1,0,CO,discussion,10000
0,100,3121,93,0,7,0,5,5,2970,1,0,CO,discussion,10000
0,100,3131,94,0,6,0,5,5,2970,1,0,CO,discussion,10000
0,100,3141,94,0,6,0,5,5,2970,1,0,CO,discussion,10000
0,100,3151,94,0,6,0,5,5,2970,1,0,CO,discussion,10000
0,100,3161,94,0,6,0,5,5,2970,1,0,CO,discussion,10000
0,100,3171,94,0,6,0,5,5,2970,1,0,CO,discussion,10000
0,100,3181,94,0,6,0,5,5,2970,1,0,CO,discussion,10000
0,100,3191,94,0,6,0,5,5,2970,1,0,CO,discussion,10000
0,100,3201,94,0,6,0,5,5,2970,1,0,CO,discussion,10000
0,100,3211,94,0,6,0,5,5,2970,1,0,CO,discussion,10000
0,100,3221,93,0,7,0,5,5,2970,1,0,CO,discussion,10000
0,100,3231,93,0,7,0,5,5,2970,1,0,CO,discussion,10000
0,100,3241,94,0,6,0,5,5,2970,1,0,CO,discussion,10000
0,100,3251,94,0,6,0,5,5,2970,1,0,CO,discussion,10000
0,100,3261,94,0,6,0,5,5,2970,1,0,CO,discussion,10000
0,100,3271,94,0,6,0,5,5,2970,1,0,CO,discussion,10000
0,100,3281,94,0,6,0,5,5,2970,1,0,CO,discussion,10000
0,100,3291,94,0,6,0,5,5,2970,1,0,CO,discussion,10000
0,100,3301,94,0,6,0,5,5,2970,1,0,CO,discussion,10000
0,100,3311,94,0,6,0,5,5,2970,1,0,CO,discussion,10000
0,100,3321,94,0,6,0,5,5,2970,1,0,CO,discussion,10000
0,100,3331,94,0,6,0,5,5,2970,1,0,CO,discussion,10000
0,100,3341,94,0,6,0,5,5,2970,1,0,CO,discussion,10000
0,100,3351,94,0,6,0,5,5,2970,1,0,CO,discussion,10000
0,100,3361,94,0,6,0,5,5,2970,1,0,CO,discussion,10000
0,100,3371,94,0,6,0,5,5,2970,1,0,CO,discussion,10000
0,100,3381,94,0,6,0,5,5,2970,1,0,CO,discussion,10000
0,100,3391,94,0,6,0,5,5,2970,1,0,CO,discussion,10000
0,100,3401,94,0,6,0,5,5,2970,1,0,CO,discussion,10000
0,100,3411,94,0,6,0,5,5,2970,1,0,CO,discussion,10000
0,100,3421,94,0,6,0,5,5,2970,1,0,CO,discussion,10000
0,100,3431,94,0,6,0,5,5,2970,1,0,CO,discussion,10000
0,100,3441,94,0,6,0,5,5,2970,1,0,CO,discussion,10000
0,100,3451,94,0,6,0,5,5,2970,1,0,CO,discussion,10000
0,100,3461,94,0,6,0,5,5,2970,1,0,CO,discussion,10000
0,100,3471,95,0,5,0,5,5,2970,1,0,CO,discussion,10000
0,100,3481,95,0,5,0,5,5,2970,1,0,CO,discussion,10000
0,100,3491,95,0,5,0,5,5,2970,1,0,CO,discussion,10000
0,100,3501,95,0,5,0,5,5,2970,1,0,CO,discussion,10000
0,100,3511,95,0,5,0,5,5,2970,1,0,CO,discussion,10000
0,100,3521,95,0,5,0,5,5,2970,1,0,CO,discussion,10000
0,100,3531,95,0,5,0,5,5,2970,1,0,CO,discussion,10000
0,100,3541,95,0,5,0,5,5,2970,1,0,CO,discussion,10000
0,100,3551,95,0,5,0,5,5,2970,1,0,CO,discussion,10000
0,100,3561,95,0,5,0,5,5,2970,1,0,CO,discussion,10000
0,100,3571,95,0,5,0,5,5,2970,1,0,CO,discussion,10000
0,100,3581,95,0,5,0,5,5,2970,1,0,CO,discussion,10000
0,100,3591,95,0,5,0,5,5,2970,1,0,CO,discussion,10000
0,100,3601,95,0,5,0,5,5,2970,1,0,CO,discussion,10000
0,100,3611,95,0,5,0,5,5,2970,1,0,CO,discussion,10000
0,100,3621,95,0,5,0,5,5,2970,1,0,CO,discussion,10000
0,100,3631,95,0,5,0,5,5,2970,1,0,CO,discussion,10000
0,100,3641,95,0,5,0,5,5,2970,1,0,CO,discussion,10000
0,100,3651,95,0,5,0,5,5,2970,1,0,CO,discussion,10000
0,100,3661,95,0,5,0,5,5,2970,1,0,CO,discussion,10000
0,100,3671,95,0,5,0,5,5,2970,1,0,CO,discussion,10000
0,100,3681,95,0,5,0,5,5,2970,1,0,CO,discussion,10000
0,100,3691,95,0,5,0,5,5,2970,1,0,CO,discussion,10000
0,100,3701,95,0,5,0,5,5,2970,1,0,CO,discussion,10000
0,100,3711,95,0,5,0,5,5,2970,1,0,CO,discussion,10000
0,100,3721,95,0,5,0,5,5,2970,1,0,CO,discussion,10000
0,100,3731,95,0,5,0,5,5,2970,1,0,CO,discussion,10000
0,100,3741,95,0,5,0,5,5,2970,1,0,CO,discussion,10000
0,100,3751,95,0,5,0,5,5,2970,1,0,CO,discussion,10000
0,100,3761,95,0,5,0,5,5,2970,1,0,CO,discussion,10000
0,100,3771,95,0,5,0,5,5,2970,1,0,CO,discussion,10000
0,100,3781,95,0,5,0,5,5,2970,1,0,CO,discussion,10000
0,100,3791,95,0,5,0,5,5,2970,1,0,CO,discussion,10000
0,100,3801,95,0,5,0,5,5,2970,1,0,CO,discussion,10000
0,100,3811,95,0,5,0,5,5,2970,1,0,CO,discussion,10000
0,100,3821,95,0,5,0,5,5,2970,1,0,CO,discussion,10000
0,100,3831,95,0,5,0,5,5,2970,1,0,CO,discussion,10000
0,100,3841,95,0,5,0,5,5,2970,1,0,CO,discussion,10000
0,100,3851,95,0,5,0,5,5,2970,1,0,CO,discussion,10000
0,100,3861,95,0,5,0,5,5,2970,1,0,CO,discussion,10000
0,100,3871,95,0,5,0,5,5,2970,1,0,CO,discussion,10000
0,100,3881,95,0,5,0,5,5,2970,1,0,CO,discussion,10000
0,100,3891,95,0,5,0,5,5,2970,1,0,CO,discussion,10000
0,100,3901,95,0,5,0,5,5,2970,1,0,CO,discussion,10000
0,100,3911,94,0,6,0,5,5,2970,1,0,CO,discussion,10000
0,100,3921,94,0,6,0,5,5,2970,1,0,CO,discussion,10000
0,100,3931,94,0,6,0,5,5,2970,1,0,CO,discussion,10000
0,100,3941,94,0,6,0,5,5,2970,1,0,CO,discussion,10000
0,100,3951,94,0,6,0,5,5,2970,1,0,CO,discussion,10000
0,100,3961,94,0,6,0,5,5,2970,1,0,CO,discussion,10000
0,100,3971,94,0,6,0,5,5,2970,1,0,CO,discussion,10000
0,100,3981,94,0,6,0,5,5,2970,1,0,CO,discussion,10000
0,100,3991,94,0,6,0,5,5,2970,1,0,CO,discussion,10000
0,100,4001,94,0,6,0,5,5,2970,1,0,CO,discussion,10000
0,100,4011,94,0,6,0,5,5,2970,1,0,CO,discussion,10000
0,100,4021,94,0,6,0,5,5,2970,1,0,CO,discussion,10000
0,100,4031,94,0,6,0,5,5,2970,1,0,CO,discussion,10000
0,100,4041,94,0,6,0,5,5,2970,1,0,CO,discussion,10000
0,100,4051,94,0,6,0,5,5,2970,1,0,CO,discussion,10000
0,100,4061,94,0,6,0,5,5,2970,1,0,CO,discussion,10000
0,100,4071,94,0,6,0,5,5,2970,1,0,CO,discussion,10000
0,100,4081,94,0,6,0,5,5,2970,1,0,CO,discussion,10000
0,100,4091,94,0,6,0,5,5,2970,1,0,CO,discussion,10000
0,100,4101,94,0,6,0,5,5,2970,1,0,CO,discussion,10000
0,100,4111,94,0,6,0,5,5,2970,1,0,CO,discussion,10000
0,100,4121,94,0,6,0,5,5,2970,1,0,CO,discussion,10000
0,100,4131,94,0,6,0,5,5,2970,1,0,CO,discussion,10000
0,100,4141,94,0,6,0,5,5,2970,1,0,CO,discussion,10000
0,100,4151,94,0,6,0,5,5,2970,1,0,CO,discussion,10000
0,100,4161,94,0,6,0,5,5,2970,1,0,CO,discussion,10000
0,100,4171,94,0,6,0,5,5,2970,1,0,CO,discussion,10000
0,100,4181,94,0,6,0,5,5,2970,1,0,CO,discussion,10000
0,100,4191,94,0,6,0,5,5,2970,1,0,CO,discussion,10000
0,100,4201,94,0,6,0,5,5,2970,1,0,CO,discussion,10000
0,100,4211,94,0,6,0,5,5,2970,1,0,CO,discussion,10000
0,100,4221,94,0,6,0,5,5,2970,1,0,CO,discussion,10000
0,100,4231,94,0,6,0,5,5,2970,1,0,CO,discussion,10000
0,100,4240,94,0,6,0,5,5,2970,1,0,CO,discussion,10000
0,100,4250,94,0,6,0,5,5,2970,1,0,CO,discussion,10000
0,100,4260,94,0,6,0,5,5,2970,1,0,CO,discussion,10000
0,100,4270,94,0,6,0,5,5,2970,1,0,CO,discussion,10000
0,100,4280,94,0,6,0,5,5,2970,1,0,CO,discussion,10000
0,100,4290,94,0,6,0,5,5,2970,1,0,CO,discussion,10000
0,100,4300,94,0,6,0,5,5,2970,1,0,CO,discussion,10000
0,100,4310,94,0,6,0,5,5,2970,1,0,CO,discussion,10000
0,100,4320,94,0,6,0,5,5,2970,1,0,CO,discussion,10000
0,100,4329,94,0,6,0,5,5,2970,1,0,CO,discussion,10000
0,100,4339,94,0,6,0,5,5,2970,1,0,CO,discussion,10000
0,100,4349,94,0,6,0,5,5,2970,1,0,CO,discussion,10000
0,100,4358,94,0,6,0,5,5,2970,1,0,CO,discussion,10000
0,100,4368,94,0,6,0,5,5,2970,1,0,CO,discussion,10000
0,100,4378,95,0,5,0,5,5,2970,1,0,CO,discussion,10000
0,100,4388,95,0,5,0,5,5,2970,1,0,CO,discussion,10000
0,100,4398,95,0,5,0,5,5,2970,1,0,CO,discussion,10000
0,100,4408,95,0,5,0,5,5,2970,1,0,CO,discussion,10000
0,100,4418,95,0,5,0,5,5,2970,1,0,CO,discussion,10000
0,100,4428,95,0,5,0,5,5,2970,1,0,CO,discussion,10000
0,100,4438,95,0,5,0,5,5,2970,1,0,CO,discussion,10000
0,100,4448,95,0,5,0,5,5,2970,1,0,CO,discussion,10000
0,100,4457,95,0,5,0,5,5,2970,1,0,CO,discussion,10000
0,100,4466,95,0,5,0,5,5,2970,1,0,CO,discussion,10000
0,100,4476,95,0,5,0,5,5,2970,1,0,CO,discussion,10000
0,100,4494,95,0,5,0,5,5,2970,1,0,CO,discussion,10000
0,100,4503,95,0,5,0,5,5,2970,1,0,CO,discussion,10000
0,100,4512,95,0,5,0,5,5,2970,1,0,CO,discussion,10000
0,100,4521,95,0,5,0,5,5,2970,1,0,CO,discussion,10000
0,100,4529,95,0,5,0,5,5,2970,1,0,CO,discussion,10000
0,100,4538,95,0,5,0,5,5,2970,1,0,CO,discussion,10000
0,100,4546,95,0,5,0,5,5,2970,1,0,CO,discussion,10000
0,100,4556,95,0,5,0,5,5,2970,1,0,CO,discussion,10000
0,100,4565,95,0,5,0,5,5,2970,1,0,CO,discussion,10000
0,100,4575,95,0,5,0,5,5,2970,1,0,CO,discussion,10000
0,100,4582,95,0,5,0,5,5,2970,1,0,CO,discussion,10000
0,100,4592,95,0,5,0,5,5,2970,1,0,CO,discussion,10000
0,100,4602,95,0,5,0,5,5,2970,1,0,CO,discussion,10000
0,100,4612,95,0,5,0,5,5,2970,1,0,CO,discussion,10000
0,100,4629,95,0,5,0,5,5,2970,1,0,CO,discussion,10000
0,100,4638,95,0,5,0,5,5,2970,1,0,CO,discussion,10000
0,100,4648,95,0,5,0,5,5,2970,1,0,CO,discussion,10000
0,100,4657,95,0,5,0,5,5,2970,1,0,CO,discussion,10000
0,100,4667,95,0,5,0,5,5,2970,1,0,CO,discussion,10000
0,100,4676,95,0,5,0,5,5,2970,1,0,CO,discussion,10000
0,100,4682,95,0,5,0,5,5,2970,1,0,CO,discussion,10000
0,100,4692,95,0,5,0,5,5,2970,1,0,CO,discussion,10000
0,100,4701,95,0,5,0,5,5,2970,1,0,CO,discussion,10000
0,100,4725,95,0,5,0,5,5,2970,1,0,CO,discussion,10000
0,100,4734,95,0,5,0,5,5,2970,1,0,CO,discussion,10000
0,100,4743,95,0,5,0,5,5,2970,1,0,CO,discussion,10000
0,100,4768,95,0,5,0,5,5,2970,1,0,CO,discussion,10000
0,100,4771,95,0,5,0,5,5,2970,1,0,CO,discussion,10000
0,100,4779,95,0,5,0,5,5,2970,1,0,CO,discussion,10000
0,100,4789,95,0,5,0,5,5,2970,1,0,CO,discussion,10000
0,100,4797,95,0,5,0,5,5,2970,1,0,CO,discussion,10000
0,100,4804,95,0,5,0,5,5,2970,1,0,CO,discussion,10000
0,100,4825,95,0,5,0,5,5,2970,1,0,CO,discussion,10000
0,100,4833,95,0,5,0,5,5,2970,1,0,CO,discussion,10000
0,100,4840,95,0,5,0,5,5,2970,1,0,CO,discussion,10000
0,100,4855,95,0,5,0,5,5,2970,1,0,CO,discussion,10000
0,100,4878,95,0,5,0,5,5,2970,1,0,CO,discussion,10000
0,100,4888,95,0,5,0,5,5,2970,1,0,CO,discussion,10000
0,100,4899,95,0,5,0,5,5,2970,1,0,CO,discussion,10000
0,100,4904,95,0,5,0,5,5,2970,1,0,CO,discussion,10000
0,100,4926,95,0,5,0,5,5,2970,1,0,CO,discussion,10000
0,100,4932,95,0,5,0,5,5,2970,1,0,CO,discussion,10000
0,100,4941,95,0,5,0,5,5,2970,1,0,CO,discussion,10000
